"record_id","session_id","speaker_id","account_id","speaker_order","first_name","last_name","full_name","title_affiliation","biography","image_url","linkedin_url"
"7f15b16a-b04f-47fa-9b10-5f03de306506","90cce9cc-a61e-489e-bb26-d937b7190e46","c3184c22-67e6-4c79-a993-cf670f4665d5","beddac2f-0aa5-4ef0-a31f-f526d3ddf853",1,"Mine","Cetinkaya-Rundel","Mine Cetinkaya-Rundel","Posit",,,
"13c1ac15-5244-4a96-88e5-dde436468f8b","f5d9b2d2-09d7-4d56-9cb2-2025daaca4f4","7913ef88-228a-4b3f-8ae8-37c159f972a4","d38e5814-1a31-4b6e-8698-fd937723a6f6",1,"sharon","wang","sharon wang","engineering manager, posit","","https://img.zuddl.com/775c4eef-fe87-43d2-9147-bdb95d19ffb9","https://www.linkedin.com/in/sharon--wang"
"6ed87c5b-348b-404b-a19f-0392d4123489","75d5ff32-6ce2-439e-9ffb-85f43a5eca0f","f4a4a62c-877d-4992-ba48-3707be33057d","b1d099ed-b0a0-432f-beec-d048790d72af",1,"James","Wade","James Wade","Dow",,,
"e1335772-02d0-4988-b282-056c09b07f32","9cf9f47e-0f42-49f3-ad9e-346ca879d4a9","88a0da5f-6d8b-4769-8217-fc39fb432a4f","3a545211-f6bf-4920-99d6-3e6a10185202",1,"Aditya ","Gadkari","Aditya  Gadkari","Technical Manager, ECOnorthwest","","https://img.zuddl.com/fa9c0178-67cb-4fec-a8db-56a7885a8419","https://www.linkedin.com/in/aditya-gadkari/"
"5bfee72a-5df6-46b3-9c5f-e83ee734fcaa","9a1df9f6-1285-4eb4-aba9-c9979acec58f","049168dc-3bdf-4c92-a9dd-fa0e6bf1db09","8032aa09-18f0-4a2e-be31-1d4b812d1a1c",1,"Neal","Richardson","Neal Richardson","Posit",,,
"6cc8186d-079b-4805-8ee2-e406fa38f1e7","738135c6-e8a7-4f79-bd56-b4c9e525f2e9","8e035abe-d3bc-45eb-84ff-b5063f3ca0fe","c250eb73-68fa-4ecd-ac71-67bc46651c18",1,"Kelsey","Chalmers","Kelsey Chalmers","The Lown Institute",,,
"338ff4fe-7a1e-4dc7-a7af-7c5c82ab5c01","24651444-01fe-4c51-a590-11619fe6c83f","367a7157-c2cd-43e2-bb00-f10335d1b5a5","4c706703-d69f-4da4-8350-50b4b77abee5",1,"John Paul ","Helveston","John Paul  Helveston","Associate Professor, The George Washington University","John Paul (JP) is an Associate Professor at George Washington University
in the Department of Engineering Management and Systems Engineering. His
research focuses on understanding how consumer preferences, market
dynamics, and policy affect the emergence and adoption of low-carbon
technologies, such as electric vehicles and renewable energy
technologies. He also studies the critical relationship between the US
and China in developing and mass producing these technologies. He has
expertise in exploratory data analysis, data visualization, reproducible
workflows, choice modeling, conjoint analysis, survey design,
interview-based research methods, the R programming language, China, and
the global electric vehicle industry. He speaks fluent Mandarin Chinese
and has conducted extensive fieldwork in China. John holds a Ph.D. and
M.S. in Engineering and Public Policy from Carnegie Mellon University
and a B.S. in Engineering Science and Mechanics (ESM) from Virginia
Tech.","https://img.zuddl.com/7ed05057-0666-4a94-b50a-53edaffa840a","https://www.linkedin.com/in/jhelvy"
"c5d30d93-d5ff-4d8d-8073-9bc5fcc10e3f","6b77515a-75b7-4a1a-898e-51dd187989fa","a6e9f8d4-b962-479d-a1da-7396c5733906","12e609d5-cced-496b-b477-df912ef3a983",1,"Becca ","Krouse","Becca  Krouse","Data Scientist, GSK","Becca Krouse is a data scientist in GSK’s Statistics and Data Science
Innovation Hub where she focuses on enabling users across R&D. A
biostatistician by training, she has experience spanning over 15 years
in the field of clinical research and specializes in developing R-based
tools.","https://img.zuddl.com/d8920e52-8a8d-4a60-90cb-a485081b8f0b","https://www.linkedin.com/in/becca-krouse-b6ba8820/"
"e3226f6f-bbc5-4722-bd4d-9544d6cd0d7b","8b6a06fc-35ee-4c73-99d3-cd30409d01f4","ad0f4554-21cd-4b56-96f0-f3259850d7ed","fcf63625-e01f-4183-9646-5cb958e5ffcd",1,"Brian","Lambert","Brian Lambert","Posit Software, PBC",,,
"e3226f6f-bbc5-4722-bd4d-9544d6cd0d7b","8b6a06fc-35ee-4c73-99d3-cd30409d01f4","52d6b1e4-cc7b-4a50-85b7-da9ff27f2b84","c617604d-968d-4c39-b0e2-251e731c6b3d",1,"Julia","Silge","Julia Silge","Posit PBC",,,
"7bf44d4c-ec98-46f9-a471-c51b4b27b034","3e42f2d1-7324-48fe-b907-b6cad22206f0","d5b3a7e4-4ea1-46ab-a4bd-8535076ef35d","4a0d27cf-20a5-4cb1-b2cc-956b9caa21bd",1,"Thomas","Lin Pedersen","Thomas Lin Pedersen","Posit",,,
"b2c8ece5-c2ea-4f73-97bb-4a7c0283f76f","1ec0dd0d-c8d4-48dd-a923-b9a3de575ce6","f536001c-d77f-46c6-bbb0-e475b6d842da","003e3916-5249-4804-8970-48820835311c",1,"Inger","Bergom","Inger Bergom","Harvard University",,,
"a81ebe06-2a42-4a4d-b02b-7b7149a7cd93","e341e281-d90c-4561-879d-2e1b23170022","95380fca-6523-4bc2-9e4a-1238659306ae","402eef78-a32c-437c-bcff-848e3d10b341",1,"Aliza","Samad","Aliza Samad","AI/ML Research Associate, NASA","Hi! I recently graduated from the University of California, Santa
Barbara with a B.S. in Statistics and Data Science. I've been working on
AI applications and tools with NASA for the past 1.5 years. I love
learning about machine learning techniques and the latest in AI
innovation. My other interests include hiking, reading, and music!\
\
Feel free to connect with me!","https://img.zuddl.com/8f12ed5d-af96-4c90-ba0b-abd2d1eef5ff","https://www.linkedin.com/in/aliza-samad/"
"a81ebe06-2a42-4a4d-b02b-7b7149a7cd93","e341e281-d90c-4561-879d-2e1b23170022","929d4311-26ff-491d-8bd3-d7f9e9a334be","3f70cf97-7e3d-42e5-a7b2-432e0f7890cf",1,"Sofia","Lendahl","Sofia Lendahl","NASA","","https://img.zuddl.com/d36acfd1-7e7a-4631-858a-93b09dc40b09","https://www.linkedin.com/in/sofia-lendahl/"
"d74fecd4-6133-4c31-aab5-014cf2c09166","c67adf38-93bc-4911-b8d3-44d14f4e2533","0b0670ce-c3dd-4fd7-9de0-9eb1e8f59083","ef928cfa-8f25-4e66-bac3-a86c97751633",1,"Jadey ","Ryan","Jadey  Ryan","Data Scientist, Washington State Department of Agriculture","Jadey Ryan is a Data Scientist at the Washington State Department of
Agriculture, where she manages data, builds automated reporting
workflows, and develops decision support tools using R, Quarto, and
Shiny. Her work supports the Washington Soil Health Initiative and
focuses on making complex data more accessible and actionable for
agricultural and environmental applications.","https://img.zuddl.com/15a354f5-661e-40cc-8b14-7929e2ffd29c","https://www.linkedin.com/in/jadey-ryan/"
"d74fecd4-6133-4c31-aab5-014cf2c09166","c67adf38-93bc-4911-b8d3-44d14f4e2533","0f092dbc-67d5-4c08-8492-966e8469f5f7","d5494928-c6c5-44fe-8a66-a6cf9cbce57d",1,"Tanya","Shapiro","Tanya Shapiro","IndieVisual",,,
"fd5c7d36-1e4b-47ac-9adf-0f2777210937","e5c06a46-7ed3-4cfa-bda9-4776c3400241","4636ae17-83b9-4946-a76d-dd6b3529bdfc","06f82120-709f-425e-90ae-54d885633e92",1,"Brendan","Broderick","Brendan Broderick","Principal Data Science Analyst, Mayo Clinic","","https://img.zuddl.com/93e3cfb8-4864-42b8-8f77-dbeeabbbb514",
"da94eb70-d1c9-4a5e-9f41-8f426da47946","b1b04f72-170a-4620-a45f-8f1bb25b493a","b8de784f-f42a-4369-9db9-18f157344b81","c07c8c85-d9f6-4e9a-92c9-5ace880b5bd1",1,"Christine","Zhang","Christine Zhang","Graphics Editor, New York Times","Christine Zhang is a New York Times reporter specializing in graphics
and data journalism. Her work has informed many of The Times’s
election-related projects, including the election night Needle, the
graphics accompanying the release of every New York Times Times/Siena
College poll, and the map showing the most detailed results of the 2024
presidential election. Before working in news, she was a research
analyst at The Brookings Institution, where she made her first real
foray into R, and she also spent a few years in finance. She contributes
periodically to The Times’s Business section, most recently in her
coverage of the Federal Reserve. Between elections and the economy, she
has no shortage of ideas to consider when trying to bring clarity to
complex (and occasionally esoteric) topics.","https://img.zuddl.com/6411c98a-0375-4135-8193-2652c4d8e5e4","https://www.linkedin.com/in/christineyzhang/"
"85a98ddc-eb3a-43f4-a5ca-f1837529e009","b1392761-5c74-4611-a799-c83d4ea8e324","a7eb3f4d-2801-47a3-adfb-0419ab6abecd","9bd77bbf-15f9-4b2c-8523-a5ac127d5233",1,"Eric","Nantz","Eric Nantz","Eli Lilly",,,
"4b89b10a-901d-4dd1-8b6d-8654e0233eda","eeddb806-bcb7-4bac-9e46-3345f0f30919","9da6bed8-1ed4-4e24-aa57-0839e3b0ed74","0e44e852-8bed-43fe-ae45-2f960fdb5eb4",1,"Josh","Livingston","Josh Livingston","",,,
"6c8ab3f2-7be0-47e5-b884-8dd79c1ebf31","78979efc-d061-4759-9161-cb3e44be1085","26080888-130c-4b64-a99a-284842512b5c","a7342d55-f173-458b-b68d-f371807c28e3",1,"Barret","Schloerke","Barret Schloerke","Posit",,,
"ee11f76d-cd71-41bb-999e-5d1286dfb3bc","43d37c45-dfce-461b-a08b-76c8aa330788","ec8a1787-028b-4b60-adad-431e35c2cb7c","84f2a82a-8b55-4ac7-825b-7a99502bd0ca",1,"Jonathan","McPherson","Jonathan McPherson","Posit",,,
"9acbcf63-04e7-418e-9c80-5df6f4eb5544","096dcf59-5ca2-44c5-944c-9ce50328a1ad","e0ddfb18-5dbc-452e-afda-4b6bbaee6c6a","56fc5c2b-0e35-407a-8624-cfd3a1da0ef3",1,"Bryce","Mecum","Bryce Mecum","Columnar",,,
"9acbcf63-04e7-418e-9c80-5df6f4eb5544","096dcf59-5ca2-44c5-944c-9ce50328a1ad","74bb3aaf-c49c-424b-932e-64bf5955ea6a","2b246e07-abff-428c-bcd5-031ac174ba6d",1,"Ian","Cook","Ian Cook","Columnar",,,
"da7568ea-28e8-4046-9aad-03600b7eff24","7834ef16-8b40-46ac-bffc-f7a977ba03bc","73553e80-effb-4d8a-a158-becd4ac26162","fbba70da-587e-4b4d-a3d2-ec675100d729",1,"Allissa","Dillman","Allissa Dillman","Montgomery College/BioData Sage LLC",,,
"da7568ea-28e8-4046-9aad-03600b7eff24","7834ef16-8b40-46ac-bffc-f7a977ba03bc","2e737efe-2d5e-4ba8-85ea-37c661a323c7","1710e5a9-38fe-4151-955e-812ec44829bd",1,"Padmashri","Saravanan","Padmashri Saravanan","BioData Sage",,,
"1bc8ece1-fe9f-424a-a03e-e3b4e817b569","5d0d911b-aa4c-49c1-9ce0-b0775304c7d3","6f5d748f-710d-4ac7-9731-f4e25ba75d17","b0d077cc-04c8-442c-85e1-c0087492c704",1,"Karan","Gathani","Karan Gathani","QA Engineer, Posit PBC","Karan is a Senior Quality Assurance Engineer at Posit, where he works on
Shiny. He has worked with tech startups across the San Francisco Bay
Area, helping them ship products efficiently without compromising on
quality. In his spare time, he takes part in BioBlitzes around the Bay
Area and contributes to this natural history blog.","https://img.zuddl.com/3ea00fcd-1931-433d-beed-a21a3f4cb647",
"68ae9b54-37a3-43d0-b67d-ac068cd179bc","227cf301-aac1-47e4-88bf-a86d44ac120c","fa287056-4771-42d8-b3f1-22eea0f64690","a956a0e7-6b16-4225-9f22-3831eff62c16",1,"Tanya","Cashorali","Tanya Cashorali","CEO & Founder, TCB Analytics","","https://img.zuddl.com/c720e40c-e572-4acc-9fe3-a093784252fc",
"3c0758f0-1650-40ea-b347-8704fec159e9","48f334a1-527d-4593-bd03-eddebaa568ab","a6e28a29-f0e1-45e9-964c-b0b41d3082fc","b8b89d00-47ef-4732-9128-42b03bf94790",1,"Paula ","Lopez Casado","Paula  Lopez Casado","Lead Data Scientist, Cleo","Lead Data Scientist specializing in product analytics, experimentation
and AI-driven decision making. Throughout her career at Apple, and now
Cleo, she has helped product teams transform complex data into
actionable business decisions.

Beyond her day-to-day work, Paula is passionate about data
communication. She writes the blog \*El Arte del Dato Bien Contado\*,
where she explores practical techniques for designing visualizations
that help stakeholders understand evidence and make confident decisions.

At posit::conf 2026, she shares lessons learned from years of building
analytical products for global technology companies, showing how Quarto
can be used not only to create beautiful reports, but to influence
decisions.","https://img.zuddl.com/b6596f6c-d9bd-4fe3-9961-668ce7c51b9b","https://www.linkedin.com/in/paulalc/"
"a86ee6cc-2e16-4af0-b3df-e4d246b2dc0a","c3b95c7c-f21b-445b-b433-d45f3cef2c53","b8130e94-19aa-4e37-9981-14d9acc48dc8","0ce3a3da-70ed-4975-8f69-af961f392b43",1,"Libby ","McKenna","Libby  McKenna","Drinking Water Engineer, Brown and Caldwell","","https://img.zuddl.com/2c65d260-4bf3-4828-838c-f5864d1cb8d8","https://www.linkedin.com/in/libbydmckenna/"
"318a7bae-20d6-4912-836c-a565baf49680","d24fc3bf-4d5e-4be4-941a-090c88164d61","6bd09276-2919-484e-9270-901a2a643f57","9580e881-7af4-44f6-831e-066de62885dd",1,"Kristin ","Bott","Kristin  Bott","Manager, Academy Apprenticeships, Posit, PBC","Kristin Bott manages the Posit Academy Apprenticeship program, which is
focused on building both coding and collaboration skills in working
professionals. Kristin brings a background in natural science,
organizing, teaching, and research, and spent 10 years in higher ed
before joining Posit in 2021. She is passionate about making technical
topics accessible through the power of learning communities, with the
goal of empowering individuals to do great work.","https://img.zuddl.com/5f735cca-ca15-428e-a1a1-fabe200bf2da","https://www.linkedin.com/in/kristin-bott/"
"8357f83c-cb33-4b8d-bb7a-a07127a6cf2a","bec2f8e9-ec6b-402f-bb5e-d690e5db245a","d007626a-0fe1-425c-94d8-d892064c1d97","832d93f7-1c6d-440d-b345-e66198e3430a",1,"Isabel","Glauss","Isabel Glauss","Senior Clinical Data Engineer, Boehringer Ingelheim","","https://img.zuddl.com/4b838009-8200-468c-81a7-bed86f275371",
"bc0495dc-810d-4774-8210-c6fda4838180","d5043a43-3a86-45a1-b98c-9c4a58f6b0c0","6fcccd56-0bac-4f46-88e6-1ed5336b0360","e8a761fc-9bfa-471f-8a70-519c780da508",1,"Timothy","Keyes","Timothy Keyes","Senior Data Scientist, Stanford Health Care","","https://img.zuddl.com/083a5554-4769-4a10-9d4f-9eba4648ef13","https://www.linkedin.com/in/timothy-keyes/"
"30b6efea-19cc-4ec2-88ee-49f1dcece04b","43b5b092-a29a-4820-b0ae-8cf1015e37db","e2930b15-d895-4908-bdb6-6511875456f1","db764114-dab6-43a7-94c2-99241cc4a185",1,"Tom","Shafer","Tom Shafer","Elder Research/MANTECH",,,
"242be2a0-83d7-4eb4-b302-f395e749dc6d","a630e867-f319-45f1-a992-521f961e9c80","35b922bb-a3ef-41e5-9b83-c7c4ac2a4b4f","f0c26d06-2d7a-4461-b5c5-edc2fa4d07cb",1,"Jeroen","Janssens","Jeroen Janssens","Head of Developer Relations, Posit","Jeroen Janssens, PhD, is Head of Developer Relations at Posit, PBC. His
expertise lies in visualizing data, implementing machine learning
models, and building solutions using Python, R, JavaScript, and Bash.
He’s passionate about open source and sharing knowledge. He’s the author
of Python Polars: The Definitive Guide (O’Reilly, 2025) and Data Science
at the Command Line (O’Reilly, 2021). Jeroen holds a PhD in machine
learning from Tilburg University and an MSc in artificial intelligence
from Maastricht University. He lives with his wife and two kids in
Rotterdam, the Netherlands.","https://img.zuddl.com/b889a959-56de-4f17-8af2-8d0bbd3deec3","https://www.linkedin.com/in/jeroenjanssens/"
"47a3e8b1-82b1-4403-935a-75b4c8412235","9cb21f80-8acc-481b-9717-07e7553931a9","353293ed-e28f-4693-b7cc-876221c96fdd","307e2c0f-6512-41a4-a1ea-0f2243b1e675",1,"Marc","Dotson","Marc Dotson","Utah State University",,,
"ed4ee729-2aa3-4c6a-9d36-eded24711f58","1db94cdc-f6dd-4ec6-b87b-e9fb90be13e4","5028abf1-8025-42ea-906a-b859182c0000","8d505744-6f01-4d70-a2f6-d0270a24336c",1,"Erica","Chio","Erica Chio","",,,
"ed4ee729-2aa3-4c6a-9d36-eded24711f58","1db94cdc-f6dd-4ec6-b87b-e9fb90be13e4","8e9d3dc7-e3c6-4d96-8b92-0c990185be05","78cdb7e0-c3c7-4884-bdda-e4f009b2110a",1,"Nick","Giangreco","Nick Giangreco","Regeneron Pharmaceuticals",,,
"885ba1fc-48f9-4f94-93f2-6e6bacf7f7aa","23d2a7d9-330f-4c67-bbeb-0fe0a6d5a657","f42afed1-f4b4-43e3-83a8-b14e4191d553","26b22194-30d1-477a-825b-85dbfb0992bd",1,"Ran","Li","Ran Li","Drexel University",,,
"55591410-5d9c-40f2-89d2-4ab036f0a8e9","0d95ac5d-041e-406e-bfb5-e11e51a5855c","88d2f703-1321-468f-8950-dc7e80367af5","a16e8588-415f-4c4b-ac5a-755c6f2d307f",1,"Derrick ","Cogburn","Derrick  Cogburn","Professor and Executive Director, American University","Derrick L. Cogburn is a Full Professor at American University's School
of International Service (SIS), where he is housed in the Department of
Environment, Development & Health. Dr. Cogburn holds a joint appointment
in the Kogod School of Business in the Department of Information
Technology & Analytics. He holds a UNESCO Associate Chair on
Transnational Challenges and Governance and directs both the Institute
on Disability and Public Policy (IDPP) and the Internet Governance Lab
(IGL). He also co-chairs the Global Academic Network for the Center for
AI and Digital Policy (CAIDP).

Dr. Cogburn's research applies computational methods—including text
mining, machine learning, social network analysis, and
retrieval-augmented generation—to international human rights and
disability policy. His current work focuses on UN human rights
monitoring mechanisms, particularly the Universal Periodic Review (UPR)
and the Convention on the Rights of Persons with Disabilities (CRPD)
treaty body processes. His applied work includes the CRPD Data
Dashboard, a policy analytics platform developed with IDPP and Praxis
Analytics AI, funded by the National Science Foundation through American
University's Translating Research into Action Center (TRAC). He recently
presented the dashboard at CRPD COSP-19 at the United Nations in New
York, where his side event connected broader human rights accountability
mechanisms to the CRPD treaty framework.

At American University, Dr. Cogburn teaches graduate courses in text
analytics and AI policy, including ITEC/SIS 724: Large-Scale Text
Analysis. In this course, he trains students to become bilingual R and
Python programmers using Positron as their IDE and Quarto documents as
their primary deliverable format. His pedagogical approach integrates
prompt engineering from week two—not as an afterthought—with GitHub
Copilot and Positron Assistant available from day one. He has found that
students without prior programming experience often achieve stronger
bilingual fluency than those who arrive with a single-language
background, a counterintuitive finding that shapes his teaching
philosophy. He has developed a new course for fall 2026 SIS 750 Applied
AI for Global Challenges. 

Dr. Cogburn is currently developing a new graduate certificate at SIS
titled ""Global Challenges and Applied AI,"" anchored by his existing
cross-listed courses and connected to IDPP, IGL, the UNESCO Chair, and
CAIDP. He also runs Praxis Analytics AI, a consulting practice focused
on applied computational social science and AI development for policy
research, small businesses, and non-profit organizations.

Prior to joining American University, Dr. Cogburn held faculty positions
in the Schools of Information at Syracuse University and the University
of Michigan. He is a graduate of Howard University and the University of
Oklahoma.

His professional identity is captured in three words: Scholar. Teacher.
Sailor.","https://img.zuddl.com/f8e3ad9d-7d17-42c0-b782-b7e7ad136816","https://www.linkedin.com/in/dcogburn/"
"84a45d1a-d3af-48a8-b8d3-cf971a82fe62","27c8a62b-f659-4bdd-88af-678a424115de","ea0b3209-f354-485b-b621-1a40efa1b3ee","a3fd313b-0e4b-46bc-b0a6-f444656d894f",1,"Christian","Martinez","Christian Martinez","City University of New York (CUNY)",,,
"a3a8722c-b5bc-4226-93b4-ef9eef1382ba","59f48a1f-f263-48ee-9d83-69fa8e358918","a68654b9-529f-4734-9db5-362f7983965d","b5b1fa94-ab5a-4adf-bee1-366734a25834",1,"Malosree","Maitra","Malosree Maitra","Canadian Institutes of Health Research","","",
"99e47b97-f9ca-442f-b35d-13faff610e10","88660825-0f13-4775-a1a7-85e6bf03e179","f086a2f4-7d7b-4c47-9551-924fb430d294","321954aa-8501-4e93-b799-62fac8e77be4",1,"blake ","abbenante","blake  abbenante","Sr Director, Data Product, Suffolk Construction","","https://img.zuddl.com/1470673a-bfd0-4a75-879e-2d56ef73086a","https://www.linkedin.com/in/abbenante/"
"ad13aa9a-c370-42de-b8c5-a27827be28aa","76cebf97-437e-46fb-94f6-914c045ed2b0","e4e120a7-6e3f-47fd-af28-96bafca815d3","4fee62e0-ed10-4163-8da2-edb9a12622c1",1,"Alex","Chisholm","Alex Chisholm","Senior Product Manager, Posit PBC","","https://img.zuddl.com/17890091-ffeb-4868-9202-0df9f2b750ba","https://www.linkedin.com/in/chisholm1"
"ad13aa9a-c370-42de-b8c5-a27827be28aa","76cebf97-437e-46fb-94f6-914c045ed2b0","b5c8090d-e0ce-4be3-a1d5-f2f2a44464e5","ef667861-f667-405c-bd98-feefe1efb25c",1,"Chetan","Thapar","Chetan Thapar","Posit",,,
"ad13aa9a-c370-42de-b8c5-a27827be28aa","76cebf97-437e-46fb-94f6-914c045ed2b0","5a60041b-f589-4639-b6bb-73fa1adf2d1e","eceb7eb1-fc4f-4614-b696-77935909855f",1,"Joe","Roberts","Joe Roberts","Posit",,,
"ad13aa9a-c370-42de-b8c5-a27827be28aa","76cebf97-437e-46fb-94f6-914c045ed2b0","487c816a-43a5-4ce1-a4e2-3916f925cd7e","d3f150e9-9ce5-4e09-8bea-6ec8dae04693",1,"Kelly","O'Briant","Kelly O'Briant","Product Manager, Posit","","",
"ad13aa9a-c370-42de-b8c5-a27827be28aa","76cebf97-437e-46fb-94f6-914c045ed2b0","eabc8ce1-727e-4221-a3e0-4094f3d0db9b","3108cb37-799f-4fc5-be58-032172e4c528",1,"Matt","Leary","Matt Leary","Posit",,,
"ad13aa9a-c370-42de-b8c5-a27827be28aa","76cebf97-437e-46fb-94f6-914c045ed2b0","45f629f7-161c-471f-90a3-0588954a1f75","55a5ad39-209a-4896-8382-377f99344a64",1,"Tom","Mock","Tom Mock","Posit",,,
"e61c42c5-eb16-4b72-ae4c-0a9981c591b1","bf5c2cd1-e852-4091-a353-5f2734e12e82","7398d970-b801-4a01-b5c8-c190ee9d2cff","618bf387-495c-4780-ad5d-ae83f1b82f76",1,"Winston","Chang","Winston Chang","Posit",,,
"f08cbc1e-125d-410f-8764-702807c5da30","30c98377-d6ce-42b2-a1f9-c6db99ae9d46","4f38a5f5-484a-4662-97a8-02ed6645ab91","795069f3-3422-49f8-b94e-7530446b47a1",1,"Richard","Iannone","Richard Iannone","Software Engineer, Posit, PBC","Richard Iannone is a software engineer at Posit, PBC. He focuses on
building open-source tools that help people work more effectively with
data. In R, he works on several packages including gt, pointblank, and
blastula. In Python, his focus is on Great Tables (a port of gt) and
Great Docs (documentation-site generator for Python libraries).","https://img.zuddl.com/a38645f9-fff4-4dfc-b61d-6cd9977d75de",
"752292d3-8052-4279-90fe-7a81c9ba52e8","060184f4-b21c-4129-a76c-4bd658e02f73","38d58d99-52ae-45b5-bbf1-6a21359434ae","26a3cd47-3c0a-4fd7-a7b9-bd37002c6013",1,"Nicolas","Bennett","Nicolas Bennett","cynkra GmbH",,,
"818b085a-f1f5-413b-a1bf-59f898ae24b9","5f425ba7-46da-4c0c-9df5-eaf0f577a05c","4fe9a121-6752-44e1-b452-12ed8b957170","5df099de-fc1e-4337-8e2c-e09893932951",1,"James","Clawson","James Clawson","",,,
"f1068ac1-7084-4dc0-affb-555cafb4d505","b5055759-bafe-45eb-a5fd-4fadc7a280c1","114dd581-dec3-4823-9412-3c53b3406777","83bd5d99-4dba-4a2a-8da6-a37b9c7b7b01",1,"Michael","Hausinger","Michael Hausinger","Dow","Michael is a scientist in Research and Development at Dow where he works
to ensure other researchers have ready access to data about products
they wish to improve and potential ingredients to use in a formulation.
He also enjoys helping researchers speed up their data analysis, often
via creation of Shiny apps that turn structured-but-non-tidy analytical
instrument outputs into graphs and tidy tables. Outside of work he
spends much of his time bicycling and playing Ultimate in the summer and
curling in the winter.","https://img.zuddl.com/cb04230b-7c96-4ee4-a3c1-a18ed19cecb6",
"8665cd4e-023a-4cf7-820f-e8fe3c0d45d0","8f416037-0a9c-41c8-816a-37dc329f89b6","45cffb24-8242-43fa-90f4-32d0395d6d86","da531841-eeeb-4b8b-945b-11f3ebe54bac",1,"Gergely","Daroczi","Gergely Daroczi","Spare Cores",,,
"749ee1c1-bdcf-4a1b-bd89-4d76ac2b357b","13994d53-3135-46b1-96b8-5d52f2d99856","249a8bf1-e1ae-4a74-a2e1-aa7d49e92340","684dde48-a26d-4f02-b675-69dcdc2cd94a",1,"Imari ","Genias","Imari  Genias","Public Health Analyst, Leidos","Imari Genias is current Public Health Analyst/Epidemiologist for the
CDC's National Healthcare Safety Network via Leidos. Previously, she was
a Rollins Epidemiology Fellow at DeKalb Public Health in Decatur, GA. In
this role, she contributed to data analysis, with a specialty in
geospatial analysis and mapping. Imari holds a Master of Public Health
(MPH) in Global Epidemiology from Emory University. ","https://img.zuddl.com/57af4c45-84df-4129-aea0-2b57f0ac6893","https://www.linkedin.com/in/imari-genias/"
"b2d0321c-3902-4861-9a85-4151243f2272","21e815ba-24d8-4989-b28c-d49bd61798d7","5ffdaf69-b3cf-4e1d-b743-eb393d68c3e4","0484077a-a4ed-4f00-bc23-14eb4dd79b3c",1,"Jagjit","Dhaliwal","Jagjit Dhaliwal","Head of Partnerships, GenAI ISVs, AWS","","https://img.zuddl.com/a01459bd-113a-4a25-81a8-430bc7fae81a",""
"b2d0321c-3902-4861-9a85-4151243f2272","21e815ba-24d8-4989-b28c-d49bd61798d7","a38d153e-6a14-4d14-9844-8afb09b4be75","274f298f-e9af-4c79-bdd1-8e84f674e966",1,"Sara","Altman","Sara Altman","Senior Developer Advocate, Posit","Sara Altman is a developer advocate on the AI Core team at Posit, where
she focuses on how AI can be effectively and thoughtfully used for data
science. She co-authors the Posit AI newsletter with Simon Couch.
Previously, she helped build Posit Academy and taught data science and R
at Stanford.","https://img.zuddl.com/9cd41f48-133c-48c1-8c66-d87d3de2d7cc","https://www.linkedin.com/in/sarakaltman/"
"b2d0321c-3902-4861-9a85-4151243f2272","21e815ba-24d8-4989-b28c-d49bd61798d7","639d42cb-2a17-4a7e-8ecf-b462e8744cba","02ed4825-cf8c-41f4-9e9b-81f9466a84ef",1,"Simon","Couch","Simon Couch","Senior Software Engineer, Posit","Simon Couch builds tools that make the work of data science more joyful
and effective. As an engineer on the AI Core Team at Posit, his work
spans coding assistants, model evaluations, and next-edit-suggestion
systems. Drawing on his background in statistics, Simon spent several
years authoring and maintaining packages in the open-source tidymodels
framework—like stacks, broom, and infer—before shifting his focus to
LLMs. He blogs about his work at simonpcouch.com.","https://img.zuddl.com/7566aab6-53f1-42fc-a64f-28c4cb6439c6","https://www.linkedin.com/in/simonpcouch/"
"4d60ef8e-1cd0-4985-9175-3f790cfe016a","b23a3a9e-b2f9-442e-8ca1-57f4309f5424","cc723d7f-3fa7-4e56-a937-0ab5de576177","f754bb79-3d19-465a-9796-d5dd51ed32ac",1,"James","Blair","James Blair","Senior Product Manager, Posit","","https://img.zuddl.com/ac6938b3-7543-4118-bf69-26b935fda321",""
"4d60ef8e-1cd0-4985-9175-3f790cfe016a","b23a3a9e-b2f9-442e-8ca1-57f4309f5424","f23ae5d5-f6fc-4db6-a23c-e4467ae11b8a","b0f06f92-a91e-43eb-be4e-a364c68e90c0",1,"Subodh","Kumar","Subodh Kumar","Head of Partner Solutions Architect AI/ML, Data & Analytics, AWS","","https://img.zuddl.com/deb480b4-988f-4ef6-81db-f35a5c63bdd7",""
"e21dba88-51d6-4e7d-99ad-7620c548d17a","9e4881df-1efb-4b83-8a1e-31ff05c681f1","a58044d0-8c84-48f6-a844-972059739c19","22cea50e-9428-4a9f-9f43-4fa512e4d4bd",1,"Chandra","Nayak","Chandra Nayak","Snowflake Principal Partner Engineer , Snowflake","","https://img.zuddl.com/7aae3f08-475c-4b53-be71-9d448094cfa7",""
"39f6c8e4-ed13-46f9-9fcc-3d8dcee577f5","52de90f1-dbe1-47a6-8eb2-462056d3663c","1179033a-618f-44fa-90ca-e06c8ca4feb6","7a6284ef-7ea1-40af-845d-5a879b01119f",1,"Francois","Michonneau","Francois Michonneau","Posit",,,
"75895239-3b97-422d-92cb-ffd0672b4890","294d8cb4-7c42-44d3-8ad4-8797ce918c4d","412f26d4-8f34-4614-9bdd-1e743bea641c","d77c1e41-cd8a-40f5-aecd-3ddcc4402a65",1,"Garrett","Grolemund","Garrett Grolemund","Posit",,,
"4d34751e-3039-44af-919f-8e99d798ec1d","871f67cc-5d34-434d-9a0d-43fc1f5f011b","e14a2b81-b88d-4417-8bae-d04cdc952220","3fbeefba-0c77-4253-83b7-cf15540c9aad",1,"Casey","Johnson","Casey Johnson","Manager Platform Engineer, Pfizer Inc.","Casey Johnson is a Platform Manager at Pfizer, where he oversees the
strategic direction and operational excellence of the enterprise data
science platforms for Posit. With nearly 10 years of experience, Casey
ensures the stability, scalability, and high performance of Pfizer’s
Posit Workbench, Connect and Package Manager environments, enabling
researchers and data scientists to deploy applications and execute
complex analyses seamlessly.

With a strong background in systems engineering and enterprise
architecture, Casey specializes in navigating the intricacies of
large-scale computational environments. His work focuses on proactively
managing upgrade pathways, optimizing R and Python package dependency
management, and designing robust, secure infrastructure. By aligning
corporate IT standards with agile data science workflows, Casey helps
maintain a reliable foundation that empowers Pfizer’s teams to focus on
delivering life-changing scientific breakthroughs.

Casey enjoys collaborating with peers on best practices for scaling
open-source tools in highly regulated spaces. Outside of platform
architecture, Casey is an enthusiast of emerging technologies and enjoys
practicing Brazilian Jiu Jitsu.","https://img.zuddl.com/df3334cd-a1d3-47bd-8b83-bed6e47d7389","https://www.linkedin.com/in/casey-johnson-06a248a0/"
"4d34751e-3039-44af-919f-8e99d798ec1d","871f67cc-5d34-434d-9a0d-43fc1f5f011b","550a0723-c66a-46cc-9a93-bf2f1a6b831a","6b75f913-9d43-4725-a136-b618582a3e14",1,"Michael","Mayer","Michael Mayer","Principal Solutions Engineer, Posit","Michael Mayer is a Solutions Engineer at Posit. A scientist by training,
he holds a PhD in theoretical astrophysics from the University of
Heidelberg, Germany, then gradually went into IT to eventually become a
specialist in high performance / scientific computing and a
subject-matter expert for customers in the pharmaceutical industry.","https://img.zuddl.com/de0a2e34-e004-46ea-8d2e-a1c7bb8250de","https://www.linkedin.com/in/drmichaelmayer/"
"4d34751e-3039-44af-919f-8e99d798ec1d","871f67cc-5d34-434d-9a0d-43fc1f5f011b","5b4a2011-3750-4df1-9967-dd8060fad0da","3feccb98-1701-41ae-81be-0f6909e8fba9",1,"Mike","Smith","Mike Smith","Senior Director, Statistical Data Science Analytics, Pfizer","Mike K Smith is a Senior Director, Statistical Data Science Analytics at
Pfizer where he has worked for over 30 years. He is also the current
Chair of the R Consortium Board. Mike has had responsibility for looking
after Pfizer’s R installations for about 15 years - he partners with his
colleagues in the Digital IT department to deliver and continue to
refine the production R release process. Mike leads the R Centre of
Excellence at Pfizer where there are over 1000 colleagues (and growing!)
within the R community. He’s an active member of the Posit Data Science
Hangout and describes himself as a “Professional Geek”. In his spare
time he’s also a geek, producing generative ambient music using Ableton
Live.","https://img.zuddl.com/e1671616-a750-4f5e-9bdb-9590e00b1c1a","https://www.linkedin.com/in/mikeksmith/"
"4d34751e-3039-44af-919f-8e99d798ec1d","871f67cc-5d34-434d-9a0d-43fc1f5f011b","f1dab0aa-df55-4bf2-8962-27003c4a6f04","87f3ef63-0b96-4394-9165-5f2d79a9c857",1,"Nicole","Jones","Nicole Jones","Principal Data Scientist, Denali Therapeutics","Nicole Jones is a Principal Data Scientist at Denali Therapeutics, where
she is the data science program lead the company's molecule to treat MPS
IIIA, a pediatric rare disease. As data science program lead, she
oversees all clinical trials related to the molecule and leads the data
science team responsible for generating SDTM, ADaMs, and TLFs for
clinical reporting needs, primarily using R. She holds a Master of
Public Health in Epidemiology and Applied Biostatistics and has spent
six years in the pharma/biotech industry. In addition to her role as
data science program lead, she serves as an R package validation lead,
helping ensure the quality of the R packages used for regulatory
submissions. Nicole is passionate about applying data science and
leveraging open-source tools to accelerate therapies and brings a
practical, cross-functional perspective on the challenges of turning
complex biological data into actionable insight.","https://img.zuddl.com/b49436c0-8dd3-47d4-b9c9-5448ae41bf2d","https://www.linkedin.com/in/nicolekjonesmph/"
"4d34751e-3039-44af-919f-8e99d798ec1d","871f67cc-5d34-434d-9a0d-43fc1f5f011b","0b2dff86-a360-4d4b-b4db-af85a98a1026","8746f110-6a01-4ede-af8e-f20513c15ed5",1,"Satish J","Murthy","Satish J Murthy","Sr. Technical Platform Manager, Johnson & Johnson","Satish Murthy is a Senior Manager at Johnson & Johnson R&D-IT. He leads
the Scientific Computing Platform, and has primary responsibility for
supporting High-Performance Computing to support JNJ scientists in the
area of Statistical Simulation Modeling, Clinical Trials, Peptide
Design, Finite Element analysis and Computational Chemistry. He plays a
crucial role in building solutions and platforms focusing on creating
validated environments for reproducibility, ensuring that clinical
studies and other research activities can be reliably replicated.
Satish’s current capabilities include data analytics, reliability
engineering, and the implementation of environments to enhance
repeatability and reproducibility in pharmaceutical research. His
expertise has been instrumental in advancing R&D capabilities,
leveraging technology to improve patient outcomes, and streamline
research processes.","https://img.zuddl.com/5c87725f-0124-423c-9bc4-c74ee3fd7068","https://www.linkedin.com/in/satish-murthy-b4236b119/"
"438a99b2-f727-4361-913a-5d103356addf","8f6109ce-4370-4ec3-afe0-8a71947b7363","a6e9f8d4-b962-479d-a1da-7396c5733906","12e609d5-cced-496b-b477-df912ef3a983",1,"Becca ","Krouse","Becca  Krouse","Data Scientist, GSK","Becca Krouse is a data scientist in GSK’s Statistics and Data Science
Innovation Hub where she focuses on enabling users across R&D. A
biostatistician by training, she has experience spanning over 15 years
in the field of clinical research and specializes in developing R-based
tools.","https://img.zuddl.com/d8920e52-8a8d-4a60-90cb-a485081b8f0b","https://www.linkedin.com/in/becca-krouse-b6ba8820/"
"438a99b2-f727-4361-913a-5d103356addf","8f6109ce-4370-4ec3-afe0-8a71947b7363","da3a6f40-3da9-450f-829a-60536e25e0f6","d7639b0a-550d-462e-9ccc-060fe0461e9b",1,"Ben","Straub","Ben Straub","Senior Manager, Statistical Data Scientist, Praxis Precision Medicines","Ben Straub is a Senior Manager Statistical Data Scientist at Praxis
Precision Medicines. He has worked in the industry for 8 years and is
always actively involved with internal and external initiatives around R
Adoption activities for Clinical Reporting and beyond. Ben is actively
helping to develop and maintain an end-to-end R package pipeline
\[(pharmaverse)\](https://pharmaverse.org/) that addresses all the needs
of Clinical Reporting with many awesome companies and individuals. He is
very excited for the future of using R and open source within Pharma.","https://img.zuddl.com/ffad1913-ef7c-47e0-a2d3-81487257240c","https://www.linkedin.com/in/ben-straub/"
"438a99b2-f727-4361-913a-5d103356addf","8f6109ce-4370-4ec3-afe0-8a71947b7363","ebb886d7-5384-433e-9fc0-44f112f0bb5d","467c2108-0fe9-488e-86aa-18dc720a378a",1,"Daniel","Sjoberg","Daniel Sjoberg","Executive Director, Data Science and Clinical Data Analytics, Kardigan","Daniel D. Sjoberg (he/him) is the Visual Analytics Lead at Genentech.
Previously, he was a Lead Data Science Manager at the Prostate Cancer
Clinical Trials Consortium, and a Senior Biostatistician at Memorial
Sloan Kettering Cancer Center in New York City. He enjoys R package
development, creating many packages available on CRAN, R-Universe, and
GitHub. He’s a co-organizer of rainbowR (a community that supports,
promotes and connects LGBTQ+ people who code in the R language) and of
the R Medicine Conference. Daniel is the winner of the 2024 R in Pharma
Brian Bole Award of Excellence and the 2021 American Statistical
Association (ASA) Innovation in Statistical Programming and Analytics
award.","https://img.zuddl.com/d1bc7f27-1134-4625-8ae5-141008cab1bb","https://www.linkedin.com/in/ddsjoberg/"
"438a99b2-f727-4361-913a-5d103356addf","8f6109ce-4370-4ec3-afe0-8a71947b7363","b7a638cf-ca5d-41a8-af78-e46fb05bad45","1b0403cd-4dcc-45b4-b762-6b4415ca9efa",1,"Magdalena","Krochmal","Magdalena Krochmal","Senior Real-Time Visual Analytics Specialist, Roche","Magdalena Krochmal is a Senior Real-time Visual Analytics Specialist at
Roche in Basel. Combining a Ph.D. in Bioinformatics with over a decade
of experience, she focuses on the intersection of R development and
user-centric design. In her current role, Magdalena specializes in
building intuitive medical data review tools using R, Shiny, and the
Teal framework. From automating SDTM workflows to creating interactive
visualizations, Magdalena is dedicated to streamlining clinical
submissions through rapid prototyping and data-driven innovation.","https://img.zuddl.com/e0055cec-0318-4fb0-8d31-da82c5682c2b","https://www.linkedin.com/in/magdalena-krochmal-aa679a68/"
"96e23f23-cdcf-4c3e-84a0-561968461df0","a84848c9-f8fb-40f3-88aa-a443c52b64d4","7937400f-4302-4bd3-bad5-981f6ee07f63","00669b5b-a966-4542-bf4f-add697e9c94c",1,"Isabel","Zimmerman","Isabel Zimmerman","Senior Software Engineer, Posit, PBC","Building the Positron IDE and various Python packages.","https://img.zuddl.com/6d8767ca-9339-4eb8-8a1a-bb1bf8b77d88",
"96e23f23-cdcf-4c3e-84a0-561968461df0","a84848c9-f8fb-40f3-88aa-a443c52b64d4","35b922bb-a3ef-41e5-9b83-c7c4ac2a4b4f","f0c26d06-2d7a-4461-b5c5-edc2fa4d07cb",1,"Jeroen","Janssens","Jeroen Janssens","Head of Developer Relations, Posit","Jeroen Janssens, PhD, is Head of Developer Relations at Posit, PBC. His
expertise lies in visualizing data, implementing machine learning
models, and building solutions using Python, R, JavaScript, and Bash.
He’s passionate about open source and sharing knowledge. He’s the author
of Python Polars: The Definitive Guide (O’Reilly, 2025) and Data Science
at the Command Line (O’Reilly, 2021). Jeroen holds a PhD in machine
learning from Tilburg University and an MSc in artificial intelligence
from Maastricht University. He lives with his wife and two kids in
Rotterdam, the Netherlands.","https://img.zuddl.com/b889a959-56de-4f17-8af2-8d0bbd3deec3","https://www.linkedin.com/in/jeroenjanssens/"
"96e23f23-cdcf-4c3e-84a0-561968461df0","a84848c9-f8fb-40f3-88aa-a443c52b64d4","4f38a5f5-484a-4662-97a8-02ed6645ab91","795069f3-3422-49f8-b94e-7530446b47a1",1,"Richard","Iannone","Richard Iannone","Software Engineer, Posit, PBC","Richard Iannone is a software engineer at Posit, PBC. He focuses on
building open-source tools that help people work more effectively with
data. In R, he works on several packages including gt, pointblank, and
blastula. In Python, his focus is on Great Tables (a port of gt) and
Great Docs (documentation-site generator for Python libraries).","https://img.zuddl.com/a38645f9-fff4-4dfc-b61d-6cd9977d75de",
"60cbec55-d561-4967-a7b3-784c27455bd2","67f792e2-7e20-419a-915c-e852dcaf2d69","782d198f-c726-48ec-90d1-fce9057898b2","f12e2780-3a6c-423c-830e-437c57637e8b",1,"Hadley","Wickham","Hadley Wickham","Posit",,,
"60cbec55-d561-4967-a7b3-784c27455bd2","67f792e2-7e20-419a-915c-e852dcaf2d69","7487e0e1-fd74-44a9-8467-3671d8220bee","8d4f49a3-6a7a-48db-b4dd-d89ea7dd0141",1,"Jenny","Bryan","Jenny Bryan","Posit",,,
"6e742d58-9325-4bd5-bea1-3cd37592b238","21f53821-965e-4e1f-8a5c-4b4d687ea6da","2d42a2b9-d0b6-4e58-947c-4b141c422482","c753226e-fc81-4e33-8d2c-82742ba2bafd",1,"Emil","Hvitfeldt","Emil Hvitfeldt","Senior Software Engineer, Posit","Emil Hvitfeldt is a software engineer at Posit and part of the
tidymodels team’s effort to improve R’s modeling capabilities. He
maintains several packages within the realms of modeling, text analysis,
and color palettes. Trying to make slidecrafting a well respecting verb.
He co-authored the book Supervised Machine Learning for Text Analysis in
R with Julia Silge. Working on book Feature Engineering A-Z.","https://img.zuddl.com/fd4fcbce-67cd-4c7b-a5fe-612c07715a12","https://www.linkedin.com/in/emilhvitfeldt/"
"6e742d58-9325-4bd5-bea1-3cd37592b238","21f53821-965e-4e1f-8a5c-4b4d687ea6da","a75f612e-73ae-48dc-98f2-bc0c452fd151","44aac4fa-2397-4915-a23d-820d35a3886b",1,"Max","Kuhn","Max Kuhn","Posit",,,
"0086f71f-e70d-405b-90c6-45bdc7ccd091","0b192684-c20b-4475-a2e9-4694e0c6bfe7","bd0437fa-af47-428a-b70b-1da48b0d6d9e","94de0953-905c-411e-9c09-7b0ae4ad6382",1,"Charlotte","Wickham","Charlotte Wickham","Posit",,,
"0086f71f-e70d-405b-90c6-45bdc7ccd091","0b192684-c20b-4475-a2e9-4694e0c6bfe7","c3184c22-67e6-4c79-a993-cf670f4665d5","beddac2f-0aa5-4ef0-a31f-f526d3ddf853",1,"Mine","Cetinkaya-Rundel","Mine Cetinkaya-Rundel","Posit",,,
"1fba18c2-7156-463f-979e-bc2bad27eebd","d8620962-5c2a-42be-a98c-595a558b37f4","638fa87c-1b6d-45cc-938f-6af1e9503a93","a95ce8b6-4cdc-494a-9610-d09702c8a412",1,"Garrick","Aden-Buie","Garrick Aden-Buie","Posit",,,
"1fba18c2-7156-463f-979e-bc2bad27eebd","d8620962-5c2a-42be-a98c-595a558b37f4","a38d153e-6a14-4d14-9844-8afb09b4be75","274f298f-e9af-4c79-bdd1-8e84f674e966",1,"Sara","Altman","Sara Altman","Senior Developer Advocate, Posit","Sara Altman is a developer advocate on the AI Core team at Posit, where
she focuses on how AI can be effectively and thoughtfully used for data
science. She co-authors the Posit AI newsletter with Simon Couch.
Previously, she helped build Posit Academy and taught data science and R
at Stanford.","https://img.zuddl.com/9cd41f48-133c-48c1-8c66-d87d3de2d7cc","https://www.linkedin.com/in/sarakaltman/"
"72438d92-1e76-4b20-84a9-329422a25a68","810f3dac-a0f6-44d4-92ca-6d030114be1e","412f26d4-8f34-4614-9bdd-1e743bea641c","d77c1e41-cd8a-40f5-aecd-3ddcc4402a65",1,"Garrett","Grolemund","Garrett Grolemund","Posit",,,
"8318c228-cd16-457e-8d71-0d7c6b4c63f4","5d3bca06-5433-4ca0-812c-ab38af83b8c3","07329fb6-2cac-4a52-b15e-7dba0c491bd7","a937fae2-c78a-46ba-bfdb-815b5f8584a2",1,"Allie","Warren","Allie Warren","Washington State Department of Health",,,
"8318c228-cd16-457e-8d71-0d7c6b4c63f4","5d3bca06-5433-4ca0-812c-ab38af83b8c3","b12c479d-3ccb-4f39-9cc6-d7f02519fb18","88d04c34-c19a-4c81-afd5-a840b5a2093a",1,"Kaitlyn ","Housel","Kaitlyn  Housel","Clinical Data Specialist, University of Pennsylvania ","Kaitlyn is a clinical data professional with a decade-long career arc
spanning athletic training, clinical research coordination, and applied
data science in academic medical settings. She currently works as a Data
Coordinator in the Neonatology division at Children's Hospital of
Philadelphia (CHOP), where she focuses on leveraging structured and
unstructured EHR data to support pediatric clinical quality improvement.
Kaitlyn also serves as a clinical data specialist at the University of
Pennsylvania's Perelman School of Medicine, where she built and
maintained reproducible data pipelines in R, managed clinical trial
data, and developed natural language processing workflows for extracting
clinical meaning from free-text EHR data. Her deep clinical background
shapes how she approaches data problems, grounding computational methods
in the realities of how clinicians document and how care is delivered.
Kaitlyn is passionate about the intersection of clinical expertise and
data science. She holds an MS in Athletic Training, a Data Analytics
Certification from the University of Pennsylvania and completed CHOP's
Data and Analytics University fellowship. Her work has contributed to
publications in critical care and concussion research.","https://img.zuddl.com/e640804b-92c6-4eea-bd46-d803e22f6c0d","https://www.linkedin.com/in/kaitlyn-housel/"
"8318c228-cd16-457e-8d71-0d7c6b4c63f4","5d3bca06-5433-4ca0-812c-ab38af83b8c3","7634905d-6cf8-47ea-96a8-66a30abba445","b15733c9-15fe-4d71-9bc2-4ee986c9dcc7",1,"Kathryn","Cronquist","Kathryn Cronquist","Summit",,,
"8318c228-cd16-457e-8d71-0d7c6b4c63f4","5d3bca06-5433-4ca0-812c-ab38af83b8c3","53c85cb2-780f-44c6-a2d9-bce836816335","b36d1e6e-a098-4677-8995-d4f027584259",1,"Kimberley Isabel ","Orozco Cornejo","Kimberley Isabel  Orozco Cornejo","Data Science and Methodology Lead, ixpantia","","https://img.zuddl.com/3e5f6483-7d9a-4491-a01e-43515e4b02b4","https://www.linkedin.com/in/kimberley-orozco-cornejo/"
"8318c228-cd16-457e-8d71-0d7c6b4c63f4","5d3bca06-5433-4ca0-812c-ab38af83b8c3","047043ac-9ab1-4ede-ac04-d3399e3b9f50","86e282c1-389d-4a4a-8ed3-b7caf8682ab2",1,"Olivia","Hebner","Olivia Hebner","Summit",,,
"4ab3d5b8-3730-4d22-8967-18e7e45d0a53","2a02dcc4-1558-4fdd-8b22-cab617386953","7442e267-c01e-47e3-92b9-ea72eb287ba1","b84cb354-0eee-47c2-8190-706cee82d078",1,"Konstantinos","Ntentes","Konstantinos Ntentes","Posit PBC",,,
"4ab3d5b8-3730-4d22-8967-18e7e45d0a53","2a02dcc4-1558-4fdd-8b22-cab617386953","da4936e8-24bd-479c-8bbc-b28e1022cc28","e0e0bb6b-f675-4492-bb47-a976d3086f0c",1,"Michael","Morales","Michael Morales","Senior Data Analyst, Intus","A mathematician that have joy in solving different problems for
different areas within the company by using all available tools,
specially if it can transform into a shinyapps solution.","https://img.zuddl.com/ebb2b27d-f343-42cf-8fbf-a8c187a952e5",
"4ab3d5b8-3730-4d22-8967-18e7e45d0a53","2a02dcc4-1558-4fdd-8b22-cab617386953","d65f445e-1a76-433a-b948-33d24059c892","67cf0c25-4361-48dc-8032-f9c1363adac9",1,"Nick","Strayer","Nick Strayer","Principal Software Engineer, Posit","",,""
"0cc5ef54-9cb6-4fa0-b15f-c5321d37ee73","3f25102c-9320-4b12-a20f-8aead576b6ba","3e343a51-5799-4dcf-8b47-236305aa9ba7","04c74c79-d6d6-4456-a635-d49525957a3e",1,"Bilikisu","Olatunji","Bilikisu Olatunji","Business Data Laboratory",,,
"0cc5ef54-9cb6-4fa0-b15f-c5321d37ee73","3f25102c-9320-4b12-a20f-8aead576b6ba","e8c38a0d-358b-4f18-b54c-5ba52c171a7e","c19f7de6-b29b-4a07-8782-030b3cdaaf81",1,"Bjorn","Fisseler","Bjorn Fisseler","FernUniversität in Hagen",,,
"0cc5ef54-9cb6-4fa0-b15f-c5321d37ee73","3f25102c-9320-4b12-a20f-8aead576b6ba","33458ede-4531-450f-acb6-9dac1284bf32","f7be89a2-2b48-4e13-89ac-3471f16a0ebd",1,"Luis","Wirth","Luis Wirth","Senior AI Engineer, HMS Analytical Software GmbH","","https://img.zuddl.com/b8f0caff-d285-44da-9d31-bab07a34031c","https://www.linkedin.com/in/luis-wirth/"
"0cc5ef54-9cb6-4fa0-b15f-c5321d37ee73","3f25102c-9320-4b12-a20f-8aead576b6ba","ffe01ff0-545f-4779-86eb-a2852a48ac74","44cde4c1-ad06-4b17-970c-6bbba72d7b1d",1,"Wasim","Lorgat","Wasim Lorgat","Posit",,,
"e829d8fd-7b30-4df0-b9a1-18010dee499c","7f3a8575-439f-440e-9424-ea158c9499a3","54df68df-1ca3-437b-b20b-a28c9f30e8d6","ec1e1c59-e4d5-4361-a015-2d9cbb8626fc",1,"Zan","Armstrong","Zan Armstrong","Independent data viz specialist",,,
"49d700f8-acfe-4d11-af2d-d3d021963932","d5b595b6-039b-4f41-8b51-b93e65e19669","f50a863c-9c7b-49b9-a2f3-ed27e53ee693","139f7503-98f6-4144-94a1-ea06fd2663d3",1,"Travis","Gerke","Travis Gerke","PCCTC",,,
"487e6453-569a-4504-96ec-1f6955f7f828","e3811203-d146-40e0-8826-bb8651f957c1","dc6877e2-ff46-45ec-8dd7-792a254d04eb","17b824e5-554c-45bc-baf7-0104bb2ded05",1,"Jay","Westreich","Jay Westreich","",,,
"a23c442f-9572-42cb-af6c-19cd68e243db","c52a1d1e-c37d-4900-8553-06b4865a0950","6c532d0a-cd45-4d9e-8132-fb874b2fb5d7","e12da0c6-4575-48a3-aeac-369da70a9dd8",1,"Keaton","Wilson","Keaton Wilson","AI Engineer, CHG Healthcare","I build AI-powered tools and data systems that solve real problems -
production things that people actually use, not prototypes.

My background is unusual: a decade in academic research (PhD, 750+
citations) gave me rigorous experimental and analytical training, and
the last several years have been spent applying that to full-stack AI
and data engineering. I've shipped chatbots, automation pipelines,
interactive dashboards, and internal platforms across market research,
environmental consulting, and government sectors - working with everyone
from Fortune 500 companies to federal agencies.

My technical core is R, Python, and JavaScript, with deep experience in
Shiny, APIs and deployment infrastructure. I care about documentation,
reproducibility, and knowledge transfer as much as shipping features.

I present at Posit::conf and similar venues. I mentor junior developers.
I'm as comfortable whiteboarding architecture as I am writing the code.

I'm drawn to challenges at the intersection of AI engineering and data
science, places where the problems are hard and the team wants to build
things right.","https://img.zuddl.com/ba01a9a9-8c32-4705-a8e4-5f5736c69af2","https://www.linkedin.com/in/keatonwilson/"
"a23c442f-9572-42cb-af6c-19cd68e243db","c52a1d1e-c37d-4900-8553-06b4865a0950","b34b704c-43bb-404d-be84-51936b7a7388","d8338acc-8015-495d-9b35-882740884b0d",1,"Michael","Thomas","Michael Thomas","Ketchbrook Analytics",,,
"f8601629-a4a0-4ff6-82ac-e4174c0aa5fe","04ba3bf5-bc4f-40c4-a7b1-d31ee60b9bcc","f61f1185-d602-4508-8757-9eaede63efdc","dbe8c788-40a0-43b3-8c3a-5a23c4cfe371",1,"Cynthia ","Huang","Cynthia  Huang","Post-Doctoral Researcher, LMU Munich","Cynthia Huang is a Post-Doctoral Research Fellow at LMU Munich. Her
research focuses on formalisations and frameworks for leveraging
generative AI and LLMs for data preparation and data visualisation. She
is particularly interested how to harness and validate human-AI
collaboration in exploratory data analysis, and ensuring trustworthy and
interpretable data science when leveraging AI-assistance.","https://img.zuddl.com/30840112-4d5b-41dd-af62-ad918e7de767",
"30374bd3-ae61-459a-a2d6-3da1100a4c35","7970efc9-f0f6-4ace-92e4-eb8e1eed003b","27fa002f-1bdd-40f1-9b17-24c4ac9aa3f3","871c3516-099d-4394-b3a9-1fcd1917861a",1,"Tyler ","Riccio","Tyler  Riccio","VP Analytic Platforms, Citizens Bank","","","https://www.linkedin.com/in/tyler-riccio-40a44419b/"
"ab9c87b3-5325-40a5-8eb0-9518c386d0bc","6d985c5f-d886-4948-bec2-269569c435d9","ff1581d7-f658-4b59-a60d-c1acc61d37ec","3d5c87ee-2d7c-4616-9356-87516b2cd820",1,"Anatoliy","Sokolov","Anatoliy Sokolov","Dow Chemical",,,
"99b219dd-f748-496e-95c5-c5bb06dad097","1bf2b712-593d-409a-992f-089421a19a9b","09c6d3e0-8793-4e90-b96f-4829dac8e4ea","b218ecc2-e78b-4e2b-b785-2e86345ee723",1,"Kelly","Bodwin","Kelly Bodwin","California Polytechnic State University",,,
"396a4a1c-0d1d-4739-9ce5-d2f4ef963992","f75b8683-9ba5-4de6-9f6f-78a09b2cd18e","b9407795-6516-4891-9975-492a1d889f14","136dcda5-1fa4-4baf-9d93-e87bd03d5391",1,"Eric","Thompson","Eric Thompson","Senior Data Engineer, Juul Labs","Eric is a data engineer, analyst, and scientist with over a decade of
experience spanning hardware, mobile apps, cryptocurrency, and
commercial strategy.","https://img.zuddl.com/deb2f164-aadd-450c-947e-b9f39e60719d","https://www.linkedin.com/in/eric-ian-thompson/"
"fb852caa-adeb-4375-9d31-97ff6e4041cf","258d5f3e-2f32-43d6-b890-f9fa68f04478","7937400f-4302-4bd3-bad5-981f6ee07f63","00669b5b-a966-4542-bf4f-add697e9c94c",1,"Isabel","Zimmerman","Isabel Zimmerman","Senior Software Engineer, Posit, PBC","Building the Positron IDE and various Python packages.","https://img.zuddl.com/6d8767ca-9339-4eb8-8a1a-bb1bf8b77d88",
"76a2dfe8-73bc-43b0-8a05-0f548af8f57f","e18b1dc7-63e7-47e3-85e9-83aabce07c71","953d6ac6-fc60-480b-890d-ebe34ecb8f82","4c8fd73e-5539-4b68-830d-e11662546c1e",1,"Tiger","Tang","Tiger Tang","CARFAX",,,
"103bf836-3c17-4696-8e2a-d8a9375f9914","094cbb36-1e71-4651-aa1e-11f9ddb6f21c","3372201c-a4e2-401b-842d-cc823b798736","88f152ee-9b07-4879-b8a0-635712ae048a",1,"Morten","Dall","Morten Dall","University of Copenhagen",,,
"450ce6f9-ea15-4fc0-a91a-24f21ae1c2be","d0d4661f-0803-4fbb-8fa0-1a1ac4e3de12","d4f78b83-0e3f-4773-bf46-cef4841145c3","19b91623-46fc-445d-adeb-756f6576dd1c",1,"Carlos","Scheidegger","Carlos Scheidegger","Posit",,,
"1f22a475-9d55-40b5-97fa-2013d7263a95","937a9ec8-369b-4127-814f-1abafd15a183","946d2f14-2519-497e-b634-008fea3f106a","c1bebbf6-9ff6-48e5-aa12-22dbcdbc26fc",1,"Aaron","Bogan","Aaron Bogan","",,,
"64b4df19-8916-460f-9e2e-70b57b27cc18","39d865f5-8b2f-4251-8bf8-02a56f41298e","ff5f6c46-73ce-4e42-a0de-e11ad72d3ec3","51a9879b-e96e-4fe7-bf25-888cda7f8732",1,"Michael","Mullarkey","Michael Mullarkey","Teamworks",,,
"8881610b-d3a0-41fa-9a3c-73f14466be49","e1969c4b-3220-4207-90bc-1a2daea2b7bf","b6227302-b07c-4b3b-bfcf-1a12284e76ff","68d1ec1b-7d81-496c-9a03-8981ef9f99d6",1,"Jon","Harmon","Jon Harmon","Atorus Research",,,
"06420326-1cc5-4601-9895-464de0b7ebad","fc88d9e0-1465-4470-80d3-1401c390e901","c54df8d9-7dec-4fb7-b046-a376f77709ac","76676dc8-a2bc-418b-9787-685aaff390ad",1,"Kelli ","Goggans","Kelli  Goggans","Data Scientist, National Institutes of Health","Kelli Goggans is a Data Scientist at the National Institutes of Health
(NIH), evaluating biomedical research policies and programs through
quantitative and qualitative analysis. Her work centers on data
integrity at scale — developing protocols to clean and reconcile large
datasets, establishing internal database access with full documentation,
and building dashboards that give leadership a trustworthy, data-driven
view for decision-making.

Kelli holds a Ph.D. in Biochemistry and Molecular Biology from the
University of Alabama at Birmingham, where she designed and led
experimental studies requiring multi-factorial statistical analysis.
That grounding in experimental rigor now informs her approach to
building trustworthy data pipelines and reporting systems.","https://img.zuddl.com/8b3f15da-6bb2-445e-a0f3-740c6f6796df","https://www.linkedin.com/in/kelli-goggans-9903a7166/"
"e931446d-4847-42b4-98b5-bf7b7af7d599","62b69b86-5c71-4830-817b-a00e33aaa3a0","962e4543-da0d-425f-964c-9099efcd1bb0","dda57f4c-8656-4b8d-8f0f-14122761fe52",1,"Neil","Rosenbaum","Neil Rosenbaum","Houston Methodist Hospital",,,
"490ba1a5-0ab0-42e7-8995-22958113b991","199abb37-85ab-4299-8625-0b5fdaea14bb","8c9ed5e3-cb0a-47ca-b1a8-7bbbe019ee2e","e5985dcd-b644-4be2-85ee-7e12bcb8059c",1,"Rebecca","Wardrop","Rebecca Wardrop","Michigan Medicine",,,
"0d18b09c-2f32-499d-a98a-7ae878422d84","ac39345a-a8a7-4c0c-a1bc-4fb6c1a57b47","8fb8df6d-cdbc-42bd-9a38-735c8183121f","42bb64db-67f7-404b-a72a-25ef348b1790",1,"Florian","Mayr","Florian Mayr","Veterans Affairs Pittsburgh Healthcare System",,,
"cdb66090-8b4f-420f-8e49-ae6acce08b92","ed2f5b41-dce9-4f77-acd6-f2fb2fb20bcf","0aad25db-511b-4cab-beef-a13360cedd6c","e16ecbf2-d63e-458a-8601-dc8bfbb9f88c",1,"Ben ","Arancibia","Ben  Arancibia","Director of Data Science, GSK","I like R and open source technologies with a strong interest in the use
of R in Pharma.","https://img.zuddl.com/5312de50-ae38-433d-a31e-0e514266b516","https://www.linkedin.com/in/bcarancibia/"
"6583b4a9-4693-4a15-b480-0f940004e0f3","b292b53b-de5c-4f55-aad1-73b745e18592","0bcbfd42-625d-43b0-80cd-4e2d4bcb108b","a8363b62-6098-4f39-8ef4-ad782befd50d",1,"Felippe","Lazar Neto","Felippe Lazar Neto","Sociedade Brasileira de Oncologia Clínica (SBOC)",,,
"898aca18-6bee-4985-98f5-6ac5ecfa29a5","d0ae5387-1551-44d1-9de4-3f20056fece8","f0dd863f-1f26-4388-8249-4a140a548641","78899278-93bb-4ea4-9fcc-249734fa035e",1,"Gabriel ","Morrison","Gabriel  Morrison","Open Source Routing Analysis at Scale, The Urban Institute","Gabriel Morrison is a senior data scientist on the Technology and Data
Science team at the Urban Institute. His work focuses on researching and
building tools to address equity-related issues in cities and counties,
often with spatial data. Morrison holds a BA in geographical sciences
and an MS in computational analysis and public policy from the
University of Chicago.","","https://www.linkedin.com/in/gabriel-morrison-68463a161/"
"539a2a57-5a0d-44a0-99a2-df6cfe6e246e","eb96b25e-e1cd-47ef-b910-7a5fd52742d3","bd0437fa-af47-428a-b70b-1da48b0d6d9e","94de0953-905c-411e-9c09-7b0ae4ad6382",1,"Charlotte","Wickham","Charlotte Wickham","Posit",,,
"be897090-615d-4879-acbc-69c8b24032c9","27b71261-d43d-4172-ad41-00fed6d65e81","18c39ab8-fd8d-4dc4-85b6-dbdd78415768","7308efa4-a149-4c5d-b2f0-223d0c99e84b",1,"Luis D. ","Verde Arregoitia","Luis D.  Verde Arregoitia","Biodiversity Scientist, Instituto de Ecología A.C. INECOL","Mammals, biodiversity, open science, R","https://img.zuddl.com/01f953b8-358b-4e58-b936-ac8b18a0b273","https://www.linkedin.com/in/luis-d-verde-arregoitia-a20339209/"
"b2093157-ab01-40ea-9d02-c75a09e733b5","f8295fdc-1ed4-4e3c-b7bc-185390db0a4a","25a1860d-aea1-4b17-a692-11776203228a","6f3effe1-2a7b-4620-bd61-994a45c18514",1,"Cory ","Adkins","Cory  Adkins","Legal Data Analyst, Consilio","Cory is a data scientist on a mission to bring reproducibility and
transparency to the legal industry. He uses R and Python to build
pipelines that analyze legal documents, eDiscovery workflows, and court
decisions. When he isn’t busy replacing ad-hoc processes with code-first
workflows, he’s usually hanging out with his three beloved cats.","https://img.zuddl.com/4641ef59-f417-462d-a49d-748b226e98f3","https://www.linkedin.com/in/corykadkins/"
"dc125601-456f-426b-8668-9bf42d956284","1d0cbc9d-18b5-4afb-9383-c0888e5da4bc","2d42a2b9-d0b6-4e58-947c-4b141c422482","c753226e-fc81-4e33-8d2c-82742ba2bafd",1,"Emil","Hvitfeldt","Emil Hvitfeldt","Senior Software Engineer, Posit","Emil Hvitfeldt is a software engineer at Posit and part of the
tidymodels team’s effort to improve R’s modeling capabilities. He
maintains several packages within the realms of modeling, text analysis,
and color palettes. Trying to make slidecrafting a well respecting verb.
He co-authored the book Supervised Machine Learning for Text Analysis in
R with Julia Silge. Working on book Feature Engineering A-Z.","https://img.zuddl.com/fd4fcbce-67cd-4c7b-a5fe-612c07715a12","https://www.linkedin.com/in/emilhvitfeldt/"
"ec7a2e8e-d847-4dac-b44d-7ae5b5f1fe84","d34623ea-c05e-4903-94d6-a80c81abe976","38dc3f2c-127c-4f6a-9e63-2cac773b7b6e","e022da56-5f71-406e-95c5-139addcf3746",1,"Leslie","Emery","Leslie Emery","Senior Principal Data Scientist, Bristol Myers Squibb","Leslie Emery, PhD, is a Senior Principal Data Scientist in the Knowledge
Science Research team at Bristol Myers Squibb working on research for
cancer treatments. She works with a team of translational data
scientists to design and deploy innovative analysis-ready data products
for exploratory research. These data products include custom data
transformation, visualization, & quality tracking apps in R Shiny and
curated & standardized data sets for analysis. She has particular
expertise in harmonizing data from many disparate sources into combined
data sets that enable cross-study or cross-disease analysis. Leslie
works closely with stakeholders from Informatics & Predictive Sciences
and Translational Medicine to define their data and visualization
requirements and deliver them in elegant and efficient ways. Her work
makes it easy for scientists doing drug development research to answer
their scientific questions.

Leslie completed her PhD in genome sciences at the University of
Washington studying the patterns that evolution and population history
have left in current human genetic variation. She then worked as a
Research Scientist at UW Biostatistics on NIH consortium projects
identifying the genetic variants that contribute to common human
diseases. She co-led a team that designed a reproducible python + R
pipeline and SQL database for harmonizing health measurement data for
the TOPMed whole genome sequencing project.

Leslie's many hobbies include knitting, crochet, reading sci-fi, and
tracking and analyzing her hobby data.","https://img.zuddl.com/19d82f43-1f77-4a69-9883-82a1fa64fee8","https://www.linkedin.com/in/leslie-emery/"
"ec2bb444-d553-494c-bed9-9791add32677","f35f3fdf-81c9-43fc-be03-4b9b082d8ff8","9306d8c4-5808-473a-a9ff-4ec455ccf142","51f1da77-0065-48dd-b1c3-a874e93dfbe7",1,"Wojciech","Gajewski","Wojciech Gajewski","","",,""
"74dc9c74-ecbd-467a-963f-5ead9ff883ef","3fceb44a-b48e-4cfb-911a-7d58939ef798","38658c87-ea5b-4480-bfef-33c5cc2dd74f","07d3ca3e-1edc-4004-9037-eb7ec1ef61f1",1,"Andy","Teucher","Andy Teucher","Openscapes","Andy Teucher is a core Openscapes team member and develops software and
cloud infrastructure. He is a biologist turned data scientist and R
developer, specializing in helping people and organizations build
maintainable, reproducible data workflows. Andy is a strong open data
and open code advocate, and believes in the value of using and
contributing to open-source software.","https://img.zuddl.com/2a53beab-b80f-49c8-a07c-1318c6beb128","https://www.linkedin.com/in/andy-teucher/"
"4d933bef-132b-4dd6-ad0e-e90f65969904","d341191a-2f8c-4a12-9499-5dbdd96b3921","470d8ccf-3e9b-45f6-828a-fc576278f6a8","ee822ca4-9abe-4b6c-8285-e175ea8d08ac",1,"Shelby","Level","Shelby Level","Senior Health Research Analyst, The Ohio State University","","https://img.zuddl.com/597faef3-ca3e-4094-8bca-280ca3361e78","https://www.linkedin.com/in/shelby-level/"
"df3787d8-70be-4509-9f14-3c702acebd7f","c349f78c-0ff8-4646-82b2-c64de547ca05","5d218d1b-d004-443a-aea6-fd53b3f0cfc3","988cedc5-f40f-47ff-8aa3-f6a94fd427d5",1,"Charlie","Gao","Charlie Gao","Posit Software, PBC",,,
"3885a65e-0b5f-4a01-9f6c-f35fd5f03e34","0bfc677d-f141-4036-9747-2da0eaa0496f","1d3963ec-9cc2-42f8-83a7-9fa2adc021c2","36cd4697-8da4-454c-ad1e-2bbb0715cdf8",1,"Tyson","Barrett","Tyson Barrett","Utah State University",,,
"5b283c10-6cf1-4ac5-a829-b1b51a40685f","3b3b8975-3646-4dbb-b8c0-e069e858bacb","c69c4496-e572-4faf-b452-6e74436f351f","496430af-b2c8-4ba1-872b-aa6266897f55",1,"Yasha","Kaushal PhD","Yasha Kaushal PhD","Data Scientist, CCS Fundraising",,,
"ae0fd9f3-1d7b-46f8-8f3a-23031b0c6f01","0873949c-8863-4e9b-adaa-70ef04a87460","0e9b62cb-ca51-4774-b9ac-7653ddd5f3c2","5a06339e-1767-4982-a932-bf3d6658dd53",1,"Mirian ","Lima","Mirian  Lima","United Nations","Mirian Lima is a research methodologist working with economic
development data — she packages methods for a living. At the UN Office
of the Special Adviser on Africa, she builds tools that let
non-technical policy analysts run their own code-based analyses — on
numbers they can trust and results they can reproduce. Her work sits at
the seam between rigorous social research methods and modern
computational tooling, exploring how expert judgment can be packaged
into systems that analysts and AI agents can both use well.","https://img.zuddl.com/62c81fae-3714-4b04-8183-04c3bb245be6","https://www.linkedin.com/in/spencerlima/"
"481d7baa-1262-46c4-91f2-e3404a6f10b5","8b3685c0-e503-4d0c-8bbe-90886b1d463d","ba49bbc1-fcad-4131-9cfc-b98d608c008b","2046f29d-4541-4e7b-b6c6-6b9ee9bb0583",1,"Dylan","Wootton","Dylan Wootton","MIT",,,
"481d7baa-1262-46c4-91f2-e3404a6f10b5","8b3685c0-e503-4d0c-8bbe-90886b1d463d","ee887f0c-724b-4ac0-8bda-71abbadc885b","05fc9eac-ff20-411b-94b8-85aa83942791",1,"Ryan","Yen","Ryan Yen","MIT",,,
"593aeb2c-02fd-429b-831e-2a375e8406c2","0ba25946-848f-46e2-a3fd-ab1a2b2202bb","02bf53f1-7691-464b-a50f-10d2a3b1210d","bdb945a5-a62b-48d3-a6b4-8441f1b1da72",1,"Sierra","Johnson","Sierra Johnson","Brown and Caldwell",,,
"b7f77e83-90fe-42a5-bade-598231c4705c","f9eab383-35f3-45c6-9359-1e01a452dde0","2958d536-cac7-4670-89cf-f10a986cacce","45d524d3-a493-4660-a122-3f4b5e4235d5",1,"Ben","Haffly","Ben Haffly","Senior Power Analyst, Seattle City Light","","https://img.zuddl.com/29907287-4518-4f9b-84b9-33ab247c8b86","https://www.linkedin.com/in/benjamin-haffly-102293133/"
"72792723-123d-45ac-b00d-dca19d9e2b2b","9a24e9f7-e61d-461a-a56d-b7b8c3acb2ba","bd5b8bf1-5a3d-471f-bfcc-22e3f28398e5","85f4b2d2-8f06-4674-b775-c4dc2631394f",1,"Edgar","Ruiz","Edgar Ruiz","Posit",,,
"f6b0dc87-c729-4b58-b3d2-fbae280a296a","2d031032-51e4-4890-af3c-15d133a2b6c4","c2182c91-084b-41b9-b87f-72374f2f95ca","652d693d-fb34-4db9-8a6a-39ba38303d01",1,"Nate","Mockler","Nate Mockler","Biogen",,,
"b0784d43-ef8a-4927-9382-6a4050b3f633","b0f7dd94-2268-44ed-9809-e5580116d967","83d0591f-224d-4ddc-98f0-9e969558ae4d","7c7be9c4-e847-475e-95c6-a6f89ff9139b",1,"Meghan","Harris","Meghan Harris","Memorial Sloan Kettering",,,
"cf1bb463-aed5-48e4-8de8-fb83a5a44f29","bdb76c9a-885c-48f0-adc6-f282c9d6a226","fb427a5d-449c-463a-b863-a9563ebb57ed","c6b53aed-2281-4327-89c2-a61358b5b180",1,"Wes","McKinney","Wes McKinney","Principal Architect, Posit","Wes is an entrepreneur and software developer focusing on analytical
computing. He is currently a Principal Architect at Posit. He previously
created or co-created the Python pandas, Ibis, and Apache Arrow open
source projects. More recently, Wes has delved into agentic software
engineering with the roborev and msgvault projects, supporting
continuous code review and secure, private email storage and search for
AI agents. He is a frequent speaker at conferences and is a co-host of
The Test Set, a data science podcast from Posit.","https://img.zuddl.com/a02cfe09-ad75-4efc-805d-92005b02c646","https://www.linkedin.com/in/wesmckinn/"
"4967c832-247f-47bc-9cd4-789b23007eb6","d5d06c90-da4e-4829-9ca5-4355551c4a40","d0f8bf13-ddf2-428f-a968-65ab114cb5cf","5d50d7f1-9821-4b5f-8893-b5b7fc8cdad1",1,"Sam","Clark","Sam Clark","Posit",,,
"fddb99bc-fa2e-48d4-a477-f2c531e57136","0c233e86-cec9-432e-81df-cc49a45f6a16","d32466a1-9b90-480e-b4e3-0d98e6bac5e6","207a2824-f657-4290-b5ea-11a783a6de86",1,"Nicky","Bell","Nicky Bell","Powered Analysis",,,
"c735eb9a-dffe-4224-a814-13c637e36115","d18077e0-590e-4bc8-ad1c-29807f223f75","c52cb354-c4f6-439e-9059-438abe301cc2","4b978c9d-2f19-427e-99d4-d3140a72f4e0",1,"Morgana","Kinlan","Morgana Kinlan","Sr. Strategic Services Analyst, DeepSeas","I'm a strategic data scientist who helps teams make sense of messy,
complex data. My current role focuses on defining metrics, building
reporting pipelines, and identifying the right measures to track
organizational goals and highlight team impact, turning ambiguity into
clear, actionable insight leadership can act on.

I enjoy partnering across organizations, delivering training, and
developing fun (to me anyway!) visualizations and tools. Outside of
work, I'm passionate about organizational systems, reading science
fiction, and running outdoors.

If you're working on something interesting or just want to connect, feel
free to reach out!","https://img.zuddl.com/3e0157d2-5540-42b3-a0f4-289a308b665f","https://www.linkedin.com/in/morgana-kinlan"
"8791807f-c8d8-4dfc-b633-2c586a759bd7","f80733aa-789b-4d89-b207-e07a9eaf9809","88f6a9eb-a9ce-4448-a09c-4204332c83f8","459353de-e9ad-4180-a0c5-9fb2fb0d33b5",1,"Kelly","Pisane","Kelly Pisane","Senior Data Scientist , Booking.com","","https://img.zuddl.com/a14091d6-81e7-4a72-92be-be991a3dd58f","https://www.linkedin.com/in/kellypisane/"
"b1449964-9238-4c83-b76f-1ad3d846d505","608fdcf5-360e-42e9-b4c8-4f07dda69546","d208b725-2b62-4108-8381-0ea7c8eaedab","9d60078b-ecac-4c2c-8880-aebc83d5baab",1,"Hamid","Shafiezadeh","Hamid Shafiezadeh","Data Scientist at FNBO (First National Bank of Omaha)",,,
"1f8a9dce-55d8-4dc1-8da0-de0e3ee38918","58a6f348-b84f-4128-adf4-6aabb765201d","c1374230-cf85-486c-a4d3-00355a96915e","ab783f2b-bc43-49c3-8963-de1b4a68c314",1,"Alan","Pan","Alan Pan","Houston Methodist Research Institute",,,
"b0512f3f-0c7c-431a-acf4-91fc2963cbc8","ba3b8a9c-6f9e-4322-89b4-2ef0c88c0da5","ba65fbab-a9d7-4987-8dcd-ef1f3abc46b1","b62f2b17-ff2b-496a-b764-0cc51faf8972",1,"Emily","Riederer","Emily Riederer","Senior Manager of Data Science, Capital One","Emily Riederer is a data scientist at Capital One where she leads the
development of specialty underwriting models and serves as a Model Risk
Officer for fraud models. Over the past decade, Emily has worn all the
hats in the data space with work spanning analysis (inference and
measurement), engineering (analyst tools, data pipelines, data
products), and science (core machine learning). She is passionate about
bridging the gaps between these disciplines. While navigating large
enterprise settings, Emily has also served as a “data team of one” for
many pro-bono projects and data-driven voter turnout initiatives.
Outside of work, Emily enjoys supporting open source software and the
free flow of information. She promotes open science by serving on the
editorial board of rOpenSci, on the technical advisory board of
Bluebonnet Data, and as a volunteer statistical textbook reviewer for
Routledge / CRC Press. Her own writing and past talks center on
developing reproducible workflows and exposing the tacit knowledge of
data work and can be found on her website
https://www.emilyriederer.com/.","https://img.zuddl.com/4c085bdd-6a81-449d-ae01-50bb265e0114","linkedin.com/in/emilyriederer"
"afabacaa-e3b8-4abd-92b7-b20c82529d19","540e6520-37e9-4f75-9022-844101d448c4","82bf833c-a1c8-4c99-8efe-fdbd19016654","d2cc01d7-7e62-4308-9491-6897f476dc98",1,"Abhishek","Maligehalli Shivalingaiah","Abhishek Maligehalli Shivalingaiah","Partner Solution Architect, AWS","","https://img.zuddl.com/8dae4960-9b6a-44bf-8166-52f408b086ba",""
"afabacaa-e3b8-4abd-92b7-b20c82529d19","540e6520-37e9-4f75-9022-844101d448c4","3a27833e-cb39-4ec6-8094-33fe86f15010","408ed598-d0e9-4020-81c1-0fad93da9b94",1,"Sam","MacIntyre","Sam MacIntyre","Partner Development Manager, AWS","","https://img.zuddl.com/784923e7-8e46-4b80-8a32-3d4d980a4db3",""
"afabacaa-e3b8-4abd-92b7-b20c82529d19","540e6520-37e9-4f75-9022-844101d448c4","5566c13b-541b-4dae-bf14-8946af49f3a3","d37fd60a-411a-4de9-85c3-ba776cb896e8",1,"Sri Aakash ","Mandavilli","Sri Aakash  Mandavilli","Software Development Engineer, AWS","","https://img.zuddl.com/2f854dc7-c3fd-4fba-aae5-452e4c55338d",""
